num,f1,acc,pre,recall,auc
1,0.7548388342538034,0.8210361067503925,0.8025079788635616,0.7491522363625882,0.9623438865293823
