num,f1,acc,pre,recall,auc
1,0.7489488954631507,0.8069073783359497,0.7677017702880878,0.7449957085459464,0.9481332039213327
