experiment,epoch,lr,loss,acc,val_loss,val_acc
1.0,1.0,0.0001,2.0893905351036475,0.3165230148542087,2.607254683971405,0.4322420634920635
